marca,categoria,subcategoria,linea,producto,descripcion,aplicaciones,caracteristicas,specs,sku,variante,atributos,imagenes
SPAR,Bisagras,Para puertas de paso,Omega,"Bisagra Mini Omega 2""",Fabricada con chapa de acero laminada en frío calibre 18. Con recubrimiento de Zinc Iris.,"Especial para puertas pequeñas media altura, recepciones o mostradores y mobiliario en general.",Ángulo máximo de apertura de 180°|Soporta puertas con peso hasta de 15 Kg|Peso por par: 26 g|Unidad de empaque: Pares,Capacidad de peso=15 Kg,10003934,BISAGRA MINI OMEGA 2'' MUEBLE BO-10,,
SPAR,Bisagras,Para puertas de paso,Omega,"Bisagra Omeguita 3 1/2""",Fabricada en chapa de acero laminada en frío calibre 16. Recubrimiento electrolítico de Zinc Iris (protege de la corrosión).,"Especial para puertas de paso a media altura, recepciones o mostradores y mobiliario.",Ángulo máximo de apertura de 180°|Soporta puertas con peso hasta de 40 Kg|Peso por par: 80 g,Capacidad de peso=40 Kg,10003935,"BISAGRA OMEGUITA 3 1/2"" MUEBLE BO-16",,
SPAR,Bisagras,Para puertas de paso,Omega,"Bisagra Omega 3""",Fabricada en chapa de acero laminada en frío calibre 14. Recubrimiento electrolítico de Zinc Iris (protege de la corrosión).,Puede utilizarse en puertas de comunicación o puertas de paso piso–techo.,Ángulo máximo de apertura de 180°|Soporta puertas con peso hasta de 50 Kg|Peso por par: 150 g|Unidad de empaque: Pares,Capacidad de peso=50 Kg,10003937,BISAGRA OMEGA 3'' PUERTAS DE PASO NIQUELADA BO-90 NI,acabado=Niquelado,
SPAR,Bisagras,Para puertas de paso,Omega,"Bisagra Omega 3""",Fabricada en chapa de acero laminada en frío calibre 14. Recubrimiento electrolítico de Zinc Iris (protege de la corrosión).,Puede utilizarse en puertas de comunicación o puertas de paso piso–techo.,Ángulo máximo de apertura de 180°|Soporta puertas con peso hasta de 50 Kg|Peso por par: 150 g|Unidad de empaque: Pares,Capacidad de peso=50 Kg,10003938,BISAGRA OMEGA 3'' PUERTAS DE PASO PLATEADA BO-90Z,acabado=Plateado,
SPAR,Bisagras,Para puertas de paso,Super Omega,"Bisagra Super Omega 3 1/2""",Fabricada en chapa de acero laminada en frío calibre 14. Recubrimiento electrolítico de Zinc Iris.,Puede utilizarse en puertas de comunicación.,Ángulo máximo de apertura de 180°|Soporta puertas con peso hasta de 65 Kg|Peso por par: 172 g|Unidad de empaque: 2 pares,Capacidad de peso=65 Kg,10003940,"BISAGRA SUPER OMEGA 3 1/2"" PUERTAS DE PASO 92/Z",,
SPAR,Bisagras,Para puertas de paso,Super Omega,"Bisagra Super Omega 3 1/2""",Fabricada en chapa de acero laminada en frío calibre 14. Recubrimiento electrolítico de Zinc Iris.,Puede utilizarse en puertas de comunicación.,Ángulo máximo de apertura de 180°|Soporta puertas con peso hasta de 65 Kg|Peso por par: 172 g|Unidad de empaque: 2 pares,Capacidad de peso=65 Kg,10028118,BISAGRA SUPER OMEGA PUERTAS DE PASO ALUMINIO BO-93,material=Aluminio,
SPAR,Bisagras,Para puertas de paso,,Pivote para puerta de paso,En acero con acabado galvanizado y buje en nylon.,Ideal para puertas de paso.,Soporta puertas con peso hasta de 80 Kg|Unidad de empaque: Pivote superior e inferior + platina + buje,Capacidad de peso=80 Kg,10004065,PIVOTE PUERTA 60MM BUJE 50MM PUERTAS DE PASO PIV50,,
SPAR,Bisagras,Para mueble,Torino,Bisagra Torino parche y semiparche,Fabricada con chapa de acero niquelado. Cazoleta de 35 mm.,,Ángulo máximo de apertura de 110°|Montaje para puerta de 14 mm - 26 mm|Calibre: 0.6 / 0.9 / 0.9,Capacidad de peso=5 Kg|Resistencia a la corrosión=24 hr|Ciclos de vida=30.000,10025237,Bisagra Torino Parche 35MM-110° C/T 4800 4H,tipo=Parche|tornillos=Con tornillos,
SPAR,Bisagras,Para mueble,Torino,Bisagra Torino parche y semiparche,Fabricada con chapa de acero niquelado. Cazoleta de 35 mm.,,Ángulo máximo de apertura de 110°|Montaje para puerta de 14 mm - 26 mm|Calibre: 0.6 / 0.9 / 0.9,Capacidad de peso=5 Kg|Resistencia a la corrosión=24 hr|Ciclos de vida=30.000,10025238,Bisagra Torino Semiparche 35MM-110° C/T 48084 4H,tipo=Semiparche|tornillos=Con tornillos,
SPAR,Bisagras,Para mueble,Torino,Bisagra Torino parche y semiparche,Fabricada con chapa de acero niquelado. Cazoleta de 35 mm.,,Ángulo máximo de apertura de 110°|Montaje para puerta de 14 mm - 26 mm|Calibre: 0.6 / 0.9 / 0.9,Capacidad de peso=5 Kg|Resistencia a la corrosión=24 hr|Ciclos de vida=30.000,10029449,Bisagra Torino Parche 35MM-110° S/T 4800 4H,tipo=Parche|tornillos=Sin tornillos,
SPAR,Bisagras,Para mueble,Torino,Bisagra Torino parche y semiparche,Fabricada con chapa de acero niquelado. Cazoleta de 35 mm.,,Ángulo máximo de apertura de 110°|Montaje para puerta de 14 mm - 26 mm|Calibre: 0.6 / 0.9 / 0.9,Capacidad de peso=5 Kg|Resistencia a la corrosión=24 hr|Ciclos de vida=30.000,10029450,Bisagra Torino Semiparche 35MM-110° S/T 48084 4H,tipo=Semiparche|tornillos=Sin tornillos,
SPAR,Bisagras,Para mueble,,Bisagra 3D niquelada negro,Función de cierre suave bidireccional; ajuste flexible de cobertura 13–21 mm e instalación con clip.,,"Cierre suave y silencioso|Ángulo de apertura de 15° activa el cierre suave (anti-pellizco)|Rango de ajuste trasero 37 -2/+2,5 mm","Capacidad de peso=5,5 Kg|Resistencia a la corrosión=72 hr|Ciclos de vida=50.000",10030063,Bisagra 3D Acero Q195 Niquelado Negro,acabado=Niquelado negro,
SPAR,Bisagras,Para mueble,Torino,Bisagra Torino 165° sin tornillos,Fabricada en acero niquelado. Diámetro de cazoleta de 35 mm.,Ideal para puertas de despensa o muebles esquineros.,Ángulo máximo de apertura de 165°|Montaje para puerta de 14 mm - 22 mm|Calibre: 0.8 / 1.8 / 1.0,Capacidad de peso=5 Kg|Resistencia a la corrosión=24 hr,10009361,BISAGRA TORINO 165° PARCHE S/T,tipo=Parche,
SPAR,Bisagras,Para mueble,Torino,Bisagra Torino 165° sin tornillos,Fabricada en acero niquelado. Diámetro de cazoleta de 35 mm.,Ideal para puertas de despensa o muebles esquineros.,Ángulo máximo de apertura de 165°|Montaje para puerta de 14 mm - 22 mm|Calibre: 0.8 / 1.8 / 1.0,Capacidad de peso=5 Kg|Resistencia a la corrosión=24 hr,10009362,BISAGRA TORINO 165° SEMIPARCHE S/T,tipo=Semiparche,
SPAR,Bisagras,Para mueble,Mignon,Bisagra Spar Mignon,Recomendada para muebles metálicos; no requiere perforación de cazoleta.,,Ángulo máximo de apertura de 90°|Montaje para puerta de 18 mm|Calibre: 1.2,Capacidad de peso=5 Kg|Resistencia a la corrosión=24 hr,10009338,BISAGRA SPAR MIGNON SPAR BM001 S/T,,
SPAR,Bisagras,Para mueble,Slow Motion,Bisagra Spar cierre lento (Slow Motion) clip-on 4 perforaciones,Sistema de montaje clip-on. Fabricada en acero niquelado. Cazoleta de 35 mm.,,Ángulo máximo de apertura de 110°|Montaje para puerta de 14 mm - 26 mm|Sistema de montaje clip-on|Calibre: 0.7 / 1.0 / 1.0,Capacidad de peso=5 Kg|Resistencia a la corrosión=24 hr|Ciclos de vida=50.000,10023059,BISAGRA SPAR SLOW MOTION CLIP-ON 35MM SEMIPARCHE C/T 4H,tipo=Semiparche,
SPAR,Bisagras,Para mueble,Slow Motion,Bisagra Spar cierre lento (Slow Motion) clip-on 4 perforaciones,Sistema de montaje clip-on. Fabricada en acero niquelado. Cazoleta de 35 mm.,,Ángulo máximo de apertura de 110°|Montaje para puerta de 14 mm - 26 mm|Sistema de montaje clip-on|Calibre: 0.7 / 1.0 / 1.0,Capacidad de peso=5 Kg|Resistencia a la corrosión=24 hr|Ciclos de vida=50.000,10023058,BISAGRA SPAR SLOW MOTION CLIP-ON 35MM PARCHE C/T 4H,tipo=Parche,
SPAR,Bisagras,Para mueble,,Bisagra alta resistencia a la corrosión 72 horas,"Doble recubrimiento de zinc. Ideal para ambientes húmedos (cocinas, baños) y ciudades con alta salinidad.",,Ángulo máximo de apertura de 110°|Cazoleta de 35 mm|Mayor estabilidad por calibres más gruesos,Capacidad de peso=5 Kg|Resistencia a la corrosión=72 hr|Ciclos de vida=50.000,10030062,BISAGRA SPAR 35MM ALTA RESISTENCIA 72H PARCHE 4700 S/T,,
SPAR,Rieles,,Kit Cajón SPAR,Kit Cajón Spar Básico H 90mm 40 Kg-50cm,"Cajón con lata deslizante silenciosa de extracción completa, soporta hasta 40 kg. Ajuste automático de errores e instalación clip rápida.",,Acabado: acero con pintura electrostática|Altura de 90 mm|Riel cierre suave sincronizado|Contiene contenedores frontales y tapas decorativas,Capacidad de peso=40 Kg|Ciclos de vida=100.000,10029438,KIT CAJÓN SPAR BÁSICO H 90MM 40 KG-50CM BLANCO,acabado=Blanco,
SPAR,Rieles,,Kit Cajón SPAR,Kit Cajón Spar Básico H 90mm 40 Kg-50cm,"Cajón con lata deslizante silenciosa de extracción completa, soporta hasta 40 kg. Ajuste automático de errores e instalación clip rápida.",,Acabado: acero con pintura electrostática|Altura de 90 mm|Riel cierre suave sincronizado|Contiene contenedores frontales y tapas decorativas,Capacidad de peso=40 Kg|Ciclos de vida=100.000,10029439,KIT CAJÓN SPAR BÁSICO H 90MM 40 KG-50CM GRAFITO,acabado=Grafito,
SPAR,Rieles,,Kit Cajón SPAR,Kit Cajón Spar Básico H 175mm,"Cajón de extracción completa con lata deslizante silenciosa, soporta hasta 40 kg y ajuste automático de errores.",,Acabado: acero con pintura electrostática|Altura de 175 mm|Riel cierre suave sincronizado,Capacidad de peso=40 Kg,10029441,KIT CAJÓN SPAR BÁSICO H 175MM BLANCO,acabado=Blanco,
SPAR,Rieles,,Kit Cajón SPAR,Kit Cajón Spar Básico H 175mm,"Cajón de extracción completa con lata deslizante silenciosa, soporta hasta 40 kg y ajuste automático de errores.",,Acabado: acero con pintura electrostática|Altura de 175 mm|Riel cierre suave sincronizado,Capacidad de peso=40 Kg,10029440,KIT CAJÓN SPAR BÁSICO H 175MM GRAFITO,acabado=Grafito,
SPAR,Rieles,,Kit Cajón SPAR,Kit Cajón Spar Cacerolero H128mm para vidrio,"Diseño con ancho ajustable, lata deslizante silenciadora oculta de extracción completa hasta 40 kg. Compatible con sistema de luz LED.",,Altura de 128 mm|Riel cierre suave sincronizado|Fácil montaje de luz LED,Capacidad de peso=40 Kg,10029442,KIT CAJÓN SPAR CACEROLERO H128MM VIDRIO BLANCO,acabado=Blanco,
SPAR,Rieles,,Kit Cajón SPAR,Kit Cajón Spar Cacerolero H128mm para vidrio,"Diseño con ancho ajustable, lata deslizante silenciadora oculta de extracción completa hasta 40 kg. Compatible con sistema de luz LED.",,Altura de 128 mm|Riel cierre suave sincronizado|Fácil montaje de luz LED,Capacidad de peso=40 Kg,10029443,KIT CAJÓN SPAR CACEROLERO H128MM VIDRIO GRAFITO,acabado=Grafito,
SPAR,Rieles,,Kit Cajón SPAR,Galería rectangular Kit Cajón 50 cm,Accesorio complementario para lograr diferentes alturas en los kits cajón SPAR. Material acero y plástico con pintura electrostática.,,Medida: 50 cm|Fácil instalación,,10029444,GALERÍA RECTANGULAR KIT CAJÓN 50 CM BLANCO SEMIMATE,acabado=Blanco semimate,
SPAR,Rieles,,Kit Cajón SPAR,Galería rectangular Kit Cajón 50 cm,Accesorio complementario para lograr diferentes alturas en los kits cajón SPAR. Material acero y plástico con pintura electrostática.,,Medida: 50 cm|Fácil instalación,,10029445,GALERÍA RECTANGULAR KIT CAJÓN 50 CM GRAFITO/ANTRACITA,acabado=Grafito/Antracita,
SPAR,Rieles,,,Accesorio bajo fregadero,Accesorio plástico bajo fregadero ideal para realizar cajones bajo pocetas. Para melaminas de 15 mm.,,Medidas: L175 x W120 x H90|Fácil instalación,,10029446,ACCESORIO BAJO FREGADERO BLANCO,acabado=Blanco,
SPAR,Rieles,,,Accesorio bajo fregadero,Accesorio plástico bajo fregadero ideal para realizar cajones bajo pocetas. Para melaminas de 15 mm.,,Medidas: L175 x W120 x H90|Fácil instalación,,10029447,ACCESORIO BAJO FREGADERO GRAFITO,acabado=Grafito,
SPAR,Brazos elevables,,Kinvaro,Brazo elevable paralelo Kinvaro L-80,Apertura paralela vertical que optimiza el espacio superior. Ideal para gabinetes con varias funciones. Cierre lento y graduación de altura 3D.,,La puerta se mantiene segura en cualquier posición|Fuerza del muelle regulable|Ancho de puerta entre 45–120 cm|Altura desde 41 cm hasta 60 cm,Ajuste=3D,10009305,BRAZO ELEVABLE PARALELO KINVARO L-80 MUELLE B/A,muelle=B / A,
SPAR,Brazos elevables,,Kinvaro,Brazo elevable paralelo Kinvaro L-80,Apertura paralela vertical que optimiza el espacio superior. Ideal para gabinetes con varias funciones. Cierre lento y graduación de altura 3D.,,La puerta se mantiene segura en cualquier posición|Fuerza del muelle regulable|Ancho de puerta entre 45–120 cm|Altura desde 41 cm hasta 60 cm,Ajuste=3D,10009302,BRAZO ELEVABLE PARALELO KINVARO L-80 MUELLE C,muelle=C,
SPAR,Brazos elevables,,Kinvaro,Brazo elevable Kinvaro S-35,"Sistema de apertura oscilante superior, ideal para recintos piso-techo. Silencioso, con cierre suave y apertura regulable.",,Se mantiene segura a partir de 45° de apertura|Graduación en 3D|Ancho de puerta entre 45–120 cm|Altura desde 42 cm hasta 75 cm,Ajuste=3D,10009303,BRAZO ELEVABLE KINVARO S-35 MUELLE B,muelle=B,
SPAR,Brazos elevables,,Kinvaro,Brazo elevable Kinvaro S-35,"Sistema de apertura oscilante superior, ideal para recintos piso-techo. Silencioso, con cierre suave y apertura regulable.",,Se mantiene segura a partir de 45° de apertura|Graduación en 3D|Ancho de puerta entre 45–120 cm|Altura desde 42 cm hasta 75 cm,Ajuste=3D,10009304,BRAZO ELEVABLE KINVARO S-35 MUELLE C,muelle=C,
SPAR,Brazos elevables,,SPAR Eco,Brazo Spar abatible 110° Eco cierre lento,"Brazo para gabinetes con apertura silenciosa y cierre lento. Material acero y plástico, acabado gris plata, con freno estacional.",,Para gabinetes de 90 cm de ancho|Espesor de puerta 16–22 mm|Ajuste de instalación 3D (2 mm en 3 sentidos),Capacidad de peso=2-5 Kg|Ángulo de apertura=110°,10022481,BRAZO SPAR ABATIBLE 110° ECO,,
SPAR,Brazos elevables,,SPAR Eco,Brazo Spar plegable Eco cierre lento,"Para adicionar movimiento a puertas horizontales y plegarlas. Sistema de cierre lento, acabado gris plata.",,Material: acero y plástico|Movimiento continuo|Fácil instalación,,10025197,BRAZO SPAR PLEGABLE ECO 600–650 mm (5.4–7 Kg),altura=600–650 mm,
SPAR,Brazos elevables,,SPAR Eco,Brazo Spar plegable Eco cierre lento,"Para adicionar movimiento a puertas horizontales y plegarlas. Sistema de cierre lento, acabado gris plata.",,Material: acero y plástico|Movimiento continuo|Fácil instalación,,10022480,BRAZO SPAR PLEGABLE ECO 700–850 mm (7.1–8 Kg),altura=700–850 mm,
SPAR,Brazos elevables,,,Brazo neumático Spar,Brazo elevable para gabinetes altos con apertura perpendicular al mueble y cierre normal. Acabado gris plata.,,Movimiento suave por gas interior en el pistón,Capacidad de peso=5-10 Kg,10020764,BRAZO NEUMÁTICO SPAR 60 N (5–6 Kg),fuerza=60 N,
SPAR,Brazos elevables,,,Brazo neumático Spar,Brazo elevable para gabinetes altos con apertura perpendicular al mueble y cierre normal. Acabado gris plata.,,Movimiento suave por gas interior en el pistón,Capacidad de peso=5-10 Kg,10009368,BRAZO NEUMÁTICO SPAR 80 N (6.5–8 Kg),fuerza=80 N,
SPAR,Brazos elevables,,,Brazo neumático Spar,Brazo elevable para gabinetes altos con apertura perpendicular al mueble y cierre normal. Acabado gris plata.,,Movimiento suave por gas interior en el pistón,Capacidad de peso=5-10 Kg,10009367,BRAZO NEUMÁTICO SPAR 100 N (8.5–10 Kg),fuerza=100 N,
SPAR,Brazos elevables,,,Brazo neumático Spar cierre lento,Brazo elevable para gabinetes altos con apertura perpendicular y amortiguación de cierre lento. Acabado gris plata.,,,Capacidad de peso=5-10 Kg,10022482,BRAZO NEUMÁTICO SPAR CIERRE LENTO 60 N,fuerza=60 N,
SPAR,Brazos elevables,,,Brazo neumático Spar cierre lento,Brazo elevable para gabinetes altos con apertura perpendicular y amortiguación de cierre lento. Acabado gris plata.,,,Capacidad de peso=5-10 Kg,10022483,BRAZO NEUMÁTICO SPAR CIERRE LENTO 80 N,fuerza=80 N,
SPAR,Brazos elevables,,,Brazo neumático Spar cierre lento,Brazo elevable para gabinetes altos con apertura perpendicular y amortiguación de cierre lento. Acabado gris plata.,,,Capacidad de peso=5-10 Kg,10022484,BRAZO NEUMÁTICO SPAR CIERRE LENTO 100 N,fuerza=100 N,
SPAR,Sistemas para closet,,Venetto,Sistema corredizo colgante SD Closet Venetto simple,"Sistema corredizo colgante para 2 puertas, dentro del vano. Utiliza riel U20.",Ideal para puertas de closet.,Cantidad de puertas: 2|Espesor de puerta: 15–30 mm|Suavidad de rodadura,Capacidad de peso=30 Kg,10022068,SISTEMA CORREDIZO COLGANTE SD CLOSET VENETTO 002050,,
SPAR,Sistemas para closet,,Venetto,Riel en U-20,Geometría del riel y alineamiento de guía al piso para mayor seguridad de sujeción. Guía al piso ajustable.,,,,10022064,RIEL EN U-20 X 2MTS ALUMINIO VENETTO 005264,longitud=2 m,
SPAR,Sistemas para closet,,Venetto,Riel en U-20,Geometría del riel y alineamiento de guía al piso para mayor seguridad de sujeción. Guía al piso ajustable.,,,,10022065,RIEL EN U-20 X 3MTS ALUMINIO VENETTO 005265,longitud=3 m,
SPAR,Sistemas para closet,,Venetto,Sistema corredizo para madera SD 80 con freno,"Sistema corredizo para 1 puerta, fuera y dentro del vano. Utiliza riel U100. Con freno.",Ideal para puertas de paso y puertas embutidas.,Cantidad de puertas: 1|Espesor de puerta: 30 mm,Capacidad de peso=80 Kg,10022071,SISTEMA CORREDIZO SD 80 CON FRENO VENETTO 002053,,
SPAR,Sistemas para closet,,,Riel en U-100,Placa de montaje que permite insertar el perno de manera frontal; se puede apernar o soldar. Guía al piso.,,,,10022066,RIEL EN U-100 X 2MTS ALUMINIO VENETTO 007758,longitud=2 m|material=Aluminio,
SPAR,Sistemas para closet,,,Riel en U-100,Placa de montaje que permite insertar el perno de manera frontal; se puede apernar o soldar. Guía al piso.,,,,10004032,RIEL EN U-100 X 2MTS GALVANIZADO DUCASSE 10100608301,longitud=2 m|material=Galvanizado,
SPAR,Sistemas para closet,,,Riel en U-100,Placa de montaje que permite insertar el perno de manera frontal; se puede apernar o soldar. Guía al piso.,,,,10022067,RIEL EN U-100 X 3MTS ALUMINIO VENETTO 008039,longitud=3 m|material=Aluminio,
SPAR,Sistemas para closet,,,Riel en U-100,Placa de montaje que permite insertar el perno de manera frontal; se puede apernar o soldar. Guía al piso.,,,,10004033,RIEL EN U-100 X 3MTS GALVANIZADO DUCASSE 10100608302,longitud=3 m|material=Galvanizado,
SPAR,Sistemas para closet,,Venetto,Sistema corredizo para madera SD 25,No requiere riel metálico; se maquina ranura en base y techo del mueble. Para 2 puertas dentro del vano.,Ideal para muebles de cocina y oficina.,Cantidad de puertas: 2|Espesor de puerta: 15 mm,Capacidad de peso=25 Kg,10022072,SISTEMA CORREDIZO PARA MUEBLES SD 25 VENETTO 002054,,
SPAR,Sistemas para closet,,Venetto,Sistema corredizo para mueble SD 50,Sistema corredizo de closet que se puede instalar con carga al piso. Para 2 puertas.,,Cantidad de puertas: 2|Espesor de puerta: 15–30 mm,Capacidad de peso=50 Kg,10023118,SISTEMA CORREDIZO PARA MUEBLE SD 50 VENETTO 2895,,
SPAR,Sistemas para closet,,,Tubo ovalado para closet cromado y soporte,"Tubo cromado de 3 m para colgar ropa en closet, con soporte para anclar a pared.",,,,10009769,TUBO OVALADO PARA CLOSET CROMADO SPAR,tipo=Tubo,
SPAR,Sistemas para closet,,,Tubo ovalado para closet cromado y soporte,"Tubo cromado de 3 m para colgar ropa en closet, con soporte para anclar a pared.",,,,10009768,SOPORTE PARA TUBO OVALADO DE CLOSET SPAR,tipo=Soporte,
SPAR,Accesorios para cocina,,,Vajillero Spar en acero inoxidable,"Bandeja en acero inoxidable, plegable y graduable 2 mm al ancho del mueble. Fácil limpieza.",,"Plegable|Incluye platero, portavasos y bandeja",,10009430,VAJILLERO SPAR INOX MÓDULO 60 CM,modulo=60 cm,
SPAR,Accesorios para cocina,,,Vajillero Spar en acero inoxidable,"Bandeja en acero inoxidable, plegable y graduable 2 mm al ancho del mueble. Fácil limpieza.",,"Plegable|Incluye platero, portavasos y bandeja",,10009431,VAJILLERO SPAR INOX MÓDULO 70 CM,modulo=70 cm,
SPAR,Accesorios para cocina,,,Vajillero Spar en acero inoxidable,"Bandeja en acero inoxidable, plegable y graduable 2 mm al ancho del mueble. Fácil limpieza.",,"Plegable|Incluye platero, portavasos y bandeja",,10009432,VAJILLERO SPAR INOX MÓDULO 80 CM,modulo=80 cm,
SPAR,Accesorios para cocina,,,Vajillero Spar en acero inoxidable,"Bandeja en acero inoxidable, plegable y graduable 2 mm al ancho del mueble. Fácil limpieza.",,"Plegable|Incluye platero, portavasos y bandeja",,10009433,VAJILLERO SPAR INOX MÓDULO 90 CM,modulo=90 cm,
SPAR,Accesorios para cocina,,,Cubiertero Spar en acero inoxidable,Cubiertero modular para organizar utensilios; protege los muebles de la humedad. Bandejas intercambiables.,,Modular|Bandejas intercambiables,,10009416,CUBIERTERO SPAR INOX 4 ESPACIOS,espacios=4,
SPAR,Accesorios para cocina,,,Cubiertero Spar en acero inoxidable,Cubiertero modular para organizar utensilios; protege los muebles de la humedad. Bandejas intercambiables.,,Modular|Bandejas intercambiables,,10009415,CUBIERTERO SPAR INOX 6 ESPACIOS,espacios=6,
SPAR,Accesorios para cocina,,,Cubiertero Spar en acero inoxidable,Cubiertero modular para organizar utensilios; protege los muebles de la humedad. Bandejas intercambiables.,,Modular|Bandejas intercambiables,,10009417,CUBIERTERO SPAR INOX 8 ESPACIOS,espacios=8,
SPAR,Accesorios para cocina,,,Cubiertero plástico,Cubiertero monoconcha para organizar utensilios; pestaña de 2 cm ajustable al cajón.,,,,10009410,CUBIERTERO PLÁSTICO 3 ESPACIOS P48xA38xH5cm,espacios=3,
SPAR,Accesorios para cocina,,,Cubiertero plástico,Cubiertero monoconcha para organizar utensilios; pestaña de 2 cm ajustable al cajón.,,,,10009411,CUBIERTERO PLÁSTICO 3 ESPACIOS P48xA43xH5cm,espacios=3,
SPAR,Accesorios para cocina,,,Cubiertero plástico,Cubiertero monoconcha para organizar utensilios; pestaña de 2 cm ajustable al cajón.,,,,10009412,CUBIERTERO PLÁSTICO 4 ESPACIOS P48xA53xH5cm,espacios=4,
SPAR,Accesorios para cocina,,,Cubiertero plástico,Cubiertero monoconcha para organizar utensilios; pestaña de 2 cm ajustable al cajón.,,,,10009414,CUBIERTERO PLÁSTICO 6 ESPACIOS P48xA73xH5cm,espacios=6,
SPAR,Accesorios para cocina,,,Esquina mágica Spar gris grafito cierre lento,"Accesorio para aprovechar esquinas de difícil almacenamiento, base en melamina de fácil limpieza. Cierre lento antideslizante.",,Gran accesibilidad|Optimiza el espacio reducido|Espacio de salida 450–500 mm,,10030064-D,ESQUINA MÁGICA SPAR GRIS GRAFITO / DERECHA,orientacion=Derecha,
SPAR,Accesorios para cocina,,,Esquina mágica Spar gris grafito cierre lento,"Accesorio para aprovechar esquinas de difícil almacenamiento, base en melamina de fácil limpieza. Cierre lento antideslizante.",,Gran accesibilidad|Optimiza el espacio reducido|Espacio de salida 450–500 mm,,10030064-I,ESQUINA MÁGICA SPAR GRIS GRAFITO / IZQUIERDA,orientacion=Izquierda,
SPAR,Accesorios para cocina,,,Botellero 2 niveles Spar cierre lento,"Accesorio para organizar especias, botellas y condimentos. Fácil limpieza y sistema de cierre lento.",,Sistema cierre lento|Incluye 1 par de rieles y estructura con dos canastillas,,10030066,BOTELLERO 2 NIVELES SPAR CIERRE LENTO MOD 15CM GRAFITO,acabado=Grafito|modulo=15 cm,
SPAR,Accesorios para cocina,,,Botellero 2 niveles Spar cierre lento,"Accesorio para organizar especias, botellas y condimentos. Fácil limpieza y sistema de cierre lento.",,Sistema cierre lento|Incluye 1 par de rieles y estructura con dos canastillas,,10009460,BOTELLERO 2 NIVELES SPAR CIERRE LENTO CROMADO MOD 150MM,acabado=Cromado|modulo=15 cm,
SPAR,Accesorios para cocina,,,Despensa abatible grafito melamina gris,Despensa abatible con base en melamina color grafito. Riel de extracción para movimiento y funcionalidad.,,Estructura acero pintura electrostática|6 canastillas interiores + 6 para puerta + brazos|No incluye bisagras (sugerida clip-on cierre lento 10009346),Módulo=45 cm,10030065,DESPENSA ABATIBLE GRAFITO 45CM P514 x A450 x H1820 mm,,
SPAR,Accesorios para cocina,,,Esquina mágica cromada cierre lento,Accesorio cromado para aprovechar esquinas de difícil almacenamiento. Espacio de puerta 450 mm mínimo.,,Gran accesibilidad|Estructura acero redondo cromado,,10009457,ESQUINA MÁGICA CROMADA CIERRE LENTO IZQUIERDA,orientacion=Izquierda,
SPAR,Accesorios para cocina,,,Esquina mágica cromada cierre lento,Accesorio cromado para aprovechar esquinas de difícil almacenamiento. Espacio de puerta 450 mm mínimo.,,Gran accesibilidad|Estructura acero redondo cromado,,10009458,ESQUINA MÁGICA CROMADA CIERRE LENTO DERECHA,orientacion=Derecha,
SPAR,Accesorios para cocina,,,Canastillas cromadas Spar,Canastilla cromada ideal para organizar alimentos y mantenerlos frescos con ventilación. Cierre normal y cierre lento.,,Estructura metálica cromada|Fácil limpieza,,10009451,CANASTILLA CROMADA CIERRE NORMAL 400 mm,cierre=Normal|modulo=400 mm,
SPAR,Accesorios para cocina,,,Canastillas cromadas Spar,Canastilla cromada ideal para organizar alimentos y mantenerlos frescos con ventilación. Cierre normal y cierre lento.,,Estructura metálica cromada|Fácil limpieza,,10009448,CANASTILLA CROMADA CIERRE NORMAL 450 mm,cierre=Normal|modulo=450 mm,
SPAR,Accesorios para cocina,,,Canastillas cromadas Spar,Canastilla cromada ideal para organizar alimentos y mantenerlos frescos con ventilación. Cierre normal y cierre lento.,,Estructura metálica cromada|Fácil limpieza,,10009449,CANASTILLA CROMADA CIERRE NORMAL 500 mm,cierre=Normal|modulo=500 mm,
SPAR,Accesorios para cocina,,,Canastillas cromadas Spar,Canastilla cromada ideal para organizar alimentos y mantenerlos frescos con ventilación. Cierre normal y cierre lento.,,Estructura metálica cromada|Fácil limpieza,,10009450,CANASTILLA CROMADA CIERRE NORMAL 600 mm,cierre=Normal|modulo=600 mm,
SPAR,Accesorios para cocina,,,Canastillas cromadas Spar,Canastilla cromada ideal para organizar alimentos y mantenerlos frescos con ventilación. Cierre normal y cierre lento.,,Estructura metálica cromada|Fácil limpieza,,10025198,CANASTILLA CROMADA CIERRE LENTO 400 mm,cierre=Lento|modulo=400 mm,
SPAR,Accesorios para cocina,,,Canastillas cromadas Spar,Canastilla cromada ideal para organizar alimentos y mantenerlos frescos con ventilación. Cierre normal y cierre lento.,,Estructura metálica cromada|Fácil limpieza,,10025199,CANASTILLA CROMADA CIERRE LENTO 450 mm,cierre=Lento|modulo=450 mm,
SPAR,Accesorios para cocina,,,Canastillas cromadas Spar,Canastilla cromada ideal para organizar alimentos y mantenerlos frescos con ventilación. Cierre normal y cierre lento.,,Estructura metálica cromada|Fácil limpieza,,10025200,CANASTILLA CROMADA CIERRE LENTO 500 mm,cierre=Lento|modulo=500 mm,
SPAR,Accesorios para cocina,,,Despensa deslizante frontal 5C cierre lento,Despensa deslizante frontal cromada con riel de extracción frontal. Fondo de acero redondo cromado.,,5 canastas interiores|Guías de desplazamiento + riel superior e inferior,Módulo=400 mm,10022802,DESPENSA DESLIZANTE FRONTAL 5C ACERO CROMADA 400mm,,
SPAR,Accesorios para cocina,,,Caneca de reciclaje Spar,"Control de olores, fácil manipulación y gran capacidad. Riel lateral cierre lento, cubetas extraíbles con manija en PVC y tapa antiolores.",,Material: PVC|Riel lateral cierre lento|Fácil instalación,,10009423,CANECA DE RECICLAJE SPAR CIERRE LENTO MOD 400mm (2 cubetas),divisiones=2,
SPAR,Accesorios para cocina,,,Caneca de reciclaje Spar,"Control de olores, fácil manipulación y gran capacidad. Riel lateral cierre lento, cubetas extraíbles con manija en PVC y tapa antiolores.",,Material: PVC|Riel lateral cierre lento|Fácil instalación,,10029476,CANECA DE RECICLAJE SPAR CIERRE LENTO 40CM 3 DIVISIONES (1x20L + 2x10L),divisiones=3,